<?xml version="1.0"?>
<!--<!DOCTYPE metadata SYSTEM "http://www.esri.com/metadata/esriprof80.dtd">-->
<metadata xml:lang="en"><Esri><CreaDate>20180323</CreaDate><CreaTime>14595200</CreaTime><SyncOnce>FALSE</SyncOnce><SyncDate>20081218</SyncDate><SyncTime>22351100</SyncTime><ModDate>20081218</ModDate><ModTime>22480900</ModTime><DataProperties><itemProps><itemLocation><linkage Sync="TRUE">file://\\LAPTOP-HH9J78E3\C$\Users\geoli\Documents\GEOG 408 Web GIS\Final Prj\Project Folder\data\GroundWaterBasins</linkage><protocol Sync="TRUE">Local Area Network</protocol></itemLocation></itemProps><copyHistory><copy source="C:\Users\geoli\Documents\GIS DATA\Aquifiers\GroundWaterBasins" dest="\\LAPTOP-HH9J78E3\C$\Users\geoli\Documents\GEOG 408 Web GIS\Final Prj\Project Folder\data\GroundWaterBasins" date="20180323" time="14595200"></copy></copyHistory></DataProperties></Esri><idinfo><native Sync="TRUE">Microsoft Windows XP Version 5.1 (Build 2600) Service Pack 3; ESRI ArcCatalog 9.3.1.1850</native><descript><langdata Sync="TRUE">en</langdata><abstract>DWR is providing a groundwater basin map in shape file format for review. The basin shape file includes only the basins. The volcanic shape file is composed of the volcanic aquifer systems removed from the status of 'basin' classification.

The basin boundaries for the revised groundwater basin map were primarily defined using geologic contacts and hydrogeologic divides.  Specifically the identification of the groundwater basins was initially based on the presence and areal extent of unconsolidated alluvial soils identified on 1:250,000 scale geologic maps provided by the California Department of Conservation, Division of Mines and Geology. The identified groundwater basin areas were then further evaluated through review of relevant geologic and hydrogeologic reports, well completion reports, court-determined adjudicated basin boundaries, and contact with local agencies to refine the basin boundaries.</abstract><supplinf>See http://www.groundwater.water.ca.gov/bulletin118/basin_maps/definition.cfm for further groundwater basin description.</supplinf><purpose>The 'B118v3NAD27UTM10' shape file shows groundwater basins and subbasins as defined by the California Department of Water Resources. The file is intended for use with GIS software able to import files of suffix '.shp'. Groundwater basins are designated on the basis of geological and hydrological conditions, these usually being the occurrence of alluvial or unconsolidated deposits. When practical, large basins are also subdivided by political boundaries, as in the Central Valley. Basins are named and numbered per the convention of the Department of Water Resources. </purpose></descript><citation><citeinfo><origin>California Department of Water Resources</origin><pubdate>2004</pubdate><title>Statewide Groundwater Basin Map</title><ftname Sync="TRUE">B118v3NAD27UTM10</ftname><geoform Sync="TRUE">vector digital data</geoform><onlink>http://www.dpla2.water.ca.gov/publications/groundwater/bulletin118/maps/B118v3NAD27UTM10.zip</onlink></citeinfo></citation><timeperd><current>publication date</current><timeinfo><sngdate><caldate>2004</caldate></sngdate></timeinfo></timeperd><status><progress>In work</progress><update>As needed</update></status><spdom><bounding><westbc Sync="TRUE">-124.393526</westbc><eastbc Sync="TRUE">-113.287281</eastbc><northbc Sync="TRUE">42.024864</northbc><southbc Sync="TRUE">32.376943</southbc></bounding><lboundng><leftbc Sync="TRUE">384616.753173</leftbc><rightbc Sync="TRUE">1309721.592631</rightbc><bottombc Sync="TRUE">3614697.467212</bottombc><topbc Sync="TRUE">4652323.216042</topbc></lboundng></spdom><keywords><theme><themekt>NONE</themekt><themekey>Groundwater</themekey></theme><place><placekt>NONE</placekt><placekey>California</placekey></place></keywords><natvform Sync="TRUE">Shapefile</natvform></idinfo><metainfo><langmeta Sync="TRUE">en</langmeta><metstdn Sync="TRUE">FGDC Content Standards for Digital Geospatial Metadata</metstdn><metstdv Sync="TRUE">FGDC-STD-001-1998</metstdv><mettc Sync="TRUE">local time</mettc><metextns><onlink Sync="TRUE">http://www.esri.com/metadata/esriprof80.html</onlink><metprof Sync="TRUE">ESRI Metadata Profile</metprof></metextns><metc><cntinfo><cntorgp><cntper>REQUIRED: The person responsible for the metadata information.</cntper><cntorg>REQUIRED: The organization responsible for the metadata information.</cntorg></cntorgp><cntaddr><addrtype>REQUIRED: The mailing and/or physical address for the organization or individual.</addrtype><city>REQUIRED: The city of the address.</city><state>REQUIRED: The state or province of the address.</state><postal>REQUIRED: The ZIP or other postal code of the address.</postal></cntaddr><cntvoice>REQUIRED: The telephone number by which individuals can speak to the organization or individual.</cntvoice></cntinfo></metc><metd Sync="TRUE">20081218</metd></metainfo><spdoinfo><direct Sync="TRUE">Vector</direct><ptvctinf><esriterm Name="B118v3NAD27UTM10"><efeatyp Sync="TRUE">Simple</efeatyp><efeageom Sync="TRUE">Polygon</efeageom><esritopo Sync="TRUE">FALSE</esritopo><efeacnt Sync="TRUE">595</efeacnt><spindex Sync="TRUE">TRUE</spindex><linrefer Sync="TRUE">FALSE</linrefer></esriterm><sdtsterm Name="B118v3NAD27UTM10"><sdtstype Sync="TRUE">G-polygon</sdtstype><ptvctcnt Sync="TRUE">595</ptvctcnt></sdtsterm></ptvctinf></spdoinfo><spref><horizsys><cordsysn><geogcsn Sync="TRUE">GCS_North_American_1927</geogcsn><projcsn Sync="TRUE">NAD_1927_UTM_Zone_10N</projcsn></cordsysn><planar><gridsys><gridsysn Sync="TRUE">Universal Transverse Mercator</gridsysn><utm><utmzone Sync="TRUE">10</utmzone><transmer><sfctrmer Sync="TRUE">0.999600</sfctrmer><longcm Sync="TRUE">-123.000000</longcm><latprjo Sync="TRUE">0.000000</latprjo><feast Sync="TRUE">500000.000000</feast><fnorth Sync="TRUE">0.000000</fnorth></transmer></utm></gridsys><planci><plance Sync="TRUE">coordinate pair</plance><plandu Sync="TRUE">meters</plandu><coordrep><absres Sync="TRUE">0.000000</absres><ordres Sync="TRUE">0.000000</ordres></coordrep></planci></planar><geodetic><horizdn Sync="TRUE">North American Datum of 1927</horizdn><ellips Sync="TRUE">Clarke 1866</ellips><semiaxis Sync="TRUE">6378206.400000</semiaxis><denflat Sync="TRUE">294.978698</denflat></geodetic></horizsys></spref><eainfo><detailed Name="B118v3NAD27UTM10"><enttyp><enttypl Sync="TRUE">B118v3NAD27UTM10</enttypl><enttypt Sync="TRUE">Feature Class</enttypt><enttypc Sync="TRUE">595</enttypc></enttyp><attr><attrlabl Sync="TRUE">FID</attrlabl><attalias Sync="TRUE">FID</attalias><attrtype Sync="TRUE">OID</attrtype><attwidth Sync="TRUE">4</attwidth><atprecis Sync="TRUE">0</atprecis><attscale Sync="TRUE">0</attscale><attrdef Sync="TRUE">Internal feature number.</attrdef><attrdefs Sync="TRUE">ESRI</attrdefs><attrdomv><udom Sync="TRUE">Sequential unique whole numbers that are automatically generated.</udom></attrdomv></attr><attr><attrlabl Sync="TRUE">Shape</attrlabl><attalias Sync="TRUE">Shape</attalias><attrtype Sync="TRUE">Geometry</attrtype><attwidth Sync="TRUE">0</attwidth><atprecis Sync="TRUE">0</atprecis><attscale Sync="TRUE">0</attscale><attrdef Sync="TRUE">Feature geometry.</attrdef><attrdefs Sync="TRUE">ESRI</attrdefs><attrdomv><udom Sync="TRUE">Coordinates defining the features.</udom></attrdomv></attr><attr><attrlabl Sync="TRUE">AREA</attrlabl><attalias Sync="TRUE">AREA</attalias><attrtype Sync="TRUE">Number</attrtype><attwidth Sync="TRUE">19</attwidth><atnumdec Sync="TRUE">3</atnumdec><attrdef>Area of polygon in square meters</attrdef></attr><attr><attrlabl Sync="TRUE">PERIMETER</attrlabl><attalias Sync="TRUE">PERIMETER</attalias><attrtype Sync="TRUE">Number</attrtype><attwidth Sync="TRUE">19</attwidth><atnumdec Sync="TRUE">3</atnumdec><attrdef>The length of the polygon perimeter of the polygon in meters. </attrdef></attr><attr><attrlabl Sync="TRUE">DWR_</attrlabl><attalias Sync="TRUE">DWR_</attalias><attrtype Sync="TRUE">String</attrtype><attwidth Sync="TRUE">12</attwidth><attrdef>DWR Number - includes region number in first position. </attrdef></attr><attr><attrlabl Sync="TRUE">SUBBSN_</attrlabl><attalias Sync="TRUE">SUBBSN_</attalias><attrtype Sync="TRUE">String</attrtype><attwidth Sync="TRUE">12</attwidth><attrdef>DWR subbasin number only. </attrdef></attr><attr><attrlabl Sync="TRUE">BAS_SBBSN</attrlabl><attalias Sync="TRUE">BAS_SBBSN</attalias><attrtype Sync="TRUE">String</attrtype><attwidth Sync="TRUE">254</attwidth><attrdef>Combined field of basin and subbasin number. </attrdef></attr><attr><attrlabl Sync="TRUE">GWBASIN</attrlabl><attalias Sync="TRUE">GWBASIN</attalias><attrtype Sync="TRUE">String</attrtype><attwidth Sync="TRUE">40</attwidth><attrdef>Name of groundwater basin. </attrdef></attr><attr><attrlabl Sync="TRUE">TYPE</attrlabl><attalias Sync="TRUE">TYPE</attalias><attrtype Sync="TRUE">String</attrtype><attwidth Sync="TRUE">8</attwidth><attrdef>bas    basin</attrdef></attr><attr><attrlabl Sync="TRUE">SUBNAME</attrlabl><attalias Sync="TRUE">SUBNAME</attalias><attrtype Sync="TRUE">String</attrtype><attwidth Sync="TRUE">40</attwidth><attrdef>Subbasin name, where applicable </attrdef></attr><attr><attrlabl Sync="TRUE">DWR_DIST</attrlabl><attalias Sync="TRUE">DWR_DIST</attalias><attrtype Sync="TRUE">String</attrtype><attwidth Sync="TRUE">10</attwidth><attrdef>DWR district responsible for individual basin delineation and description. ND   Northern District, CD   Central District, SJD  San Joaquin District, SD   Southern District </attrdef></attr><attr><attrlabl Sync="TRUE">ACRES</attrlabl><attalias Sync="TRUE">ACRES</attalias><attrtype Sync="TRUE">Number</attrtype><attwidth Sync="TRUE">19</attwidth><atnumdec Sync="TRUE">3</atnumdec><attrdef>Area of basin or subbasin in acres </attrdef></attr><attr><attrlabl Sync="TRUE">BUDGET_TYP</attrlabl><attalias Sync="TRUE">BUDGET_TYP</attalias><attrtype Sync="TRUE">String</attrtype><attwidth Sync="TRUE">50</attwidth></attr></detailed></eainfo><distinfo><stdorder><digform><digtinfo><transize Sync="TRUE">4.873</transize><dssize Sync="TRUE">4.873</dssize></digtinfo></digform></stdorder></distinfo></metadata>
